{
  "metainfo": {
    "name": "46.8117__-117.7714__Transition_HeavyTillage",
    "description": "SCI",
    "state": "Development",
    "service_url": "http://csip.engr.colostate.edu:8083/csip-sq/m/sci/2.1"
  },
  "parameter": [
    {
      "name": "erosion_water",
      "value": 0.8680710196495056
    },
    {
      "name": "water_om",
      "value": 0.29600000381469727
    },
    {
      "name": "water_fo",
      "value": 0.058316998183727264
    },
    {
      "name": "wind_om",
      "value": 0.29600000381469727
    },
    {
      "name": "wind_fo",
      "value": 0.058316998183727264
    },
    {
      "name": "erosion_wind",
      "value": 0.2511
    }
  ]
}