{
  "metainfo": {
    "name": "46.77__-117.1048__Annual_ReducedTillage",
    "description": "SCI",
    "state": "Development",
    "service_url": "http://csip.engr.colostate.edu:8083/csip-sq/m/sci/2.1"
  },
  "parameter": [
    {
      "name": "erosion_water",
      "value": 0.7259050011634827
    },
    {
      "name": "water_om",
      "value": 0.2655999958515167
    },
    {
      "name": "water_fo",
      "value": 0.5116270184516907
    },
    {
      "name": "wind_om",
      "value": 0.2655999958515167
    },
    {
      "name": "wind_fo",
      "value": 0.5116270184516907
    },
    {
      "name": "erosion_wind",
      "value": 0.9931
    }
  ]
}