{
  "metainfo": {
    "name": "47.645__-118.1464__Transition_NoTill",
    "description": "SCI",
    "state": "Development",
    "service_url": "http://csip.engr.colostate.edu:8083/csip-sq/m/sci/2.1"
  },
  "parameter": [
    {
      "name": "erosion_water",
      "value": 0.9988579750061035
    },
    {
      "name": "water_om",
      "value": 1.0533000230789185
    },
    {
      "name": "water_fo",
      "value": 0.8402640223503113
    },
    {
      "name": "wind_om",
      "value": 1.0533000230789185
    },
    {
      "name": "wind_fo",
      "value": 0.8402640223503113
    },
    {
      "name": "erosion_wind",
      "value": 1.0
    }
  ]
}