{
  "metainfo": {
    "name": "45.7284__-118.6464__GrainFallow_HeavyTillage",
    "description": "SCI",
    "state": "Development",
    "service_url": "http://csip.engr.colostate.edu:8083/csip-sq/m/sci/2.1"
  },
  "parameter": [
    {
      "name": "erosion_water",
      "value": 0.9505509734153748
    },
    {
      "name": "water_om",
      "value": -0.34200000762939453
    },
    {
      "name": "water_fo",
      "value": 0.011435999535024166
    },
    {
      "name": "wind_om",
      "value": -0.34200000762939453
    },
    {
      "name": "wind_fo",
      "value": 0.011435999535024166
    },
    {
      "name": "erosion_wind",
      "value": 0.8832
    }
  ]
}