{
  "metainfo": {
    "name": "47.02__-118.5214__GrainFallow_ReducedTillage",
    "description": "SCI",
    "state": "Development",
    "service_url": "http://csip.engr.colostate.edu:8083/csip-sq/m/sci/2.1"
  },
  "parameter": [
    {
      "name": "erosion_water",
      "value": 0.9992129802703857
    },
    {
      "name": "water_om",
      "value": 0.5759000182151794
    },
    {
      "name": "water_fo",
      "value": 0.3934650123119354
    },
    {
      "name": "wind_om",
      "value": 0.5759000182151794
    },
    {
      "name": "wind_fo",
      "value": 0.3934650123119354
    },
    {
      "name": "erosion_wind",
      "value": 0.7605
    }
  ]
}