{
  "metainfo": {
    "name": "45.4784__-120.7296__GrainFallow_HeavyTillage",
    "description": "SCI",
    "state": "Development",
    "service_url": "http://csip.engr.colostate.edu:8083/csip-sq/m/sci/2.1"
  },
  "parameter": [
    {
      "name": "erosion_water",
      "value": 0.9942520260810852
    },
    {
      "name": "water_om",
      "value": -0.30079999566078186
    },
    {
      "name": "water_fo",
      "value": 0.011435999535024166
    },
    {
      "name": "wind_om",
      "value": -0.30079999566078186
    },
    {
      "name": "wind_fo",
      "value": 0.011435999535024166
    },
    {
      "name": "erosion_wind",
      "value": 0.9119
    }
  ]
}