{
  "metainfo": {
    "name": "46.2284__-116.2715__Annual_HeavyTillage",
    "description": "SCI",
    "state": "Development",
    "service_url": "http://csip.engr.colostate.edu:8083/csip-sq/m/sci/2.1"
  },
  "parameter": [
    {
      "name": "erosion_water",
      "value": 0.988306999206543
    },
    {
      "name": "water_om",
      "value": 0.16769999265670776
    },
    {
      "name": "water_fo",
      "value": 0.39940598607063293
    },
    {
      "name": "wind_om",
      "value": 0.16769999265670776
    },
    {
      "name": "wind_fo",
      "value": 0.39940598607063293
    },
    {
      "name": "erosion_wind",
      "value": 0.6689
    }
  ]
}