{
  "metainfo": {
    "name": "47.0617__-117.6048__Transition_HeavyTillage",
    "description": "SCI",
    "state": "Development",
    "service_url": "http://csip.engr.colostate.edu:8083/csip-sq/m/sci/2.1"
  },
  "parameter": [
    {
      "name": "erosion_water",
      "value": 0.6588190197944641
    },
    {
      "name": "water_om",
      "value": 0.09889999777078629
    },
    {
      "name": "water_fo",
      "value": 0.058316998183727264
    },
    {
      "name": "wind_om",
      "value": 0.09889999777078629
    },
    {
      "name": "wind_fo",
      "value": 0.058316998183727264
    },
    {
      "name": "erosion_wind",
      "value": 0.4522
    }
  ]
}