{
  "metainfo": {
    "name": "46.27__-118.3964__GrainFallow_ReducedTillage",
    "description": "SCI",
    "state": "Development",
    "service_url": "http://csip.engr.colostate.edu:8083/csip-sq/m/sci/2.1"
  },
  "parameter": [
    {
      "name": "erosion_water",
      "value": 0.5093309879302979
    },
    {
      "name": "water_om",
      "value": -0.35589998960494995
    },
    {
      "name": "water_fo",
      "value": 0.3934650123119354
    },
    {
      "name": "wind_om",
      "value": -0.35589998960494995
    },
    {
      "name": "wind_fo",
      "value": 0.3934650123119354
    },
    {
      "name": "erosion_wind",
      "value": 0.9744
    }
  ]
}