{
  "metainfo": {
    "name": "47.0617__-117.6048__Transition_NoTill",
    "description": "SCI",
    "state": "Development",
    "service_url": "http://csip.engr.colostate.edu:8083/csip-sq/m/sci/2.1"
  },
  "parameter": [
    {
      "name": "erosion_water",
      "value": 0.975629985332489
    },
    {
      "name": "water_om",
      "value": 0.11259999871253967
    },
    {
      "name": "water_fo",
      "value": 0.8402640223503113
    },
    {
      "name": "wind_om",
      "value": 0.11259999871253967
    },
    {
      "name": "wind_fo",
      "value": 0.8402640223503113
    },
    {
      "name": "erosion_wind",
      "value": 1.0
    }
  ]
}