{
  "metainfo": {
    "name": "47.02__-118.5214__GrainFallow_NoTill",
    "description": "SCI",
    "state": "Development",
    "service_url": "http://csip.engr.colostate.edu:8083/csip-sq/m/sci/2.1"
  },
  "parameter": [
    {
      "name": "erosion_water",
      "value": 0.9994490146636963
    },
    {
      "name": "water_om",
      "value": 0.5115000009536743
    },
    {
      "name": "water_fo",
      "value": 0.8801980018615723
    },
    {
      "name": "wind_om",
      "value": 0.5115000009536743
    },
    {
      "name": "wind_fo",
      "value": 0.8801980018615723
    },
    {
      "name": "erosion_wind",
      "value": 1.0
    }
  ]
}