{
  "metainfo": {
    "name": "45.4784__-120.7296__GrainFallow_ReducedTillage",
    "description": "SCI",
    "state": "Development",
    "service_url": "http://csip.engr.colostate.edu:8083/csip-sq/m/sci/2.1"
  },
  "parameter": [
    {
      "name": "erosion_water",
      "value": 0.9946849942207336
    },
    {
      "name": "water_om",
      "value": -0.3111000061035156
    },
    {
      "name": "water_fo",
      "value": 0.3934650123119354
    },
    {
      "name": "wind_om",
      "value": -0.3111000061035156
    },
    {
      "name": "wind_fo",
      "value": 0.3934650123119354
    },
    {
      "name": "erosion_wind",
      "value": 0.9979
    }
  ]
}