{
  "metainfo": {
    "name": "47.1033__-117.2298__Annual_ReducedTillage",
    "description": "SCI",
    "state": "Development",
    "service_url": "http://csip.engr.colostate.edu:8083/csip-sq/m/sci/2.1"
  },
  "parameter": [
    {
      "name": "erosion_water",
      "value": 0.8497239947319031
    },
    {
      "name": "water_om",
      "value": 0.2093999981880188
    },
    {
      "name": "water_fo",
      "value": 0.5116270184516907
    },
    {
      "name": "wind_om",
      "value": 0.2093999981880188
    },
    {
      "name": "wind_fo",
      "value": 0.5116270184516907
    },
    {
      "name": "erosion_wind",
      "value": 0.9945
    }
  ]
}