{
  "metainfo": {
    "name": "46.77__-117.1048__Annual_HeavyTillage",
    "description": "SCI",
    "state": "Development",
    "service_url": "http://csip.engr.colostate.edu:8083/csip-sq/m/sci/2.1"
  },
  "parameter": [
    {
      "name": "erosion_water",
      "value": 0.7277169823646545
    },
    {
      "name": "water_om",
      "value": 0.38100001215934753
    },
    {
      "name": "water_fo",
      "value": 0.39940598607063293
    },
    {
      "name": "wind_om",
      "value": 0.38100001215934753
    },
    {
      "name": "wind_fo",
      "value": 0.39940598607063293
    },
    {
      "name": "erosion_wind",
      "value": 0.7799
    }
  ]
}