{
  "metainfo": {
    "name": "46.27__-118.3964__GrainFallow_HeavyTillage",
    "description": "SCI",
    "state": "Development",
    "service_url": "http://csip.engr.colostate.edu:8083/csip-sq/m/sci/2.1"
  },
  "parameter": [
    {
      "name": "erosion_water",
      "value": 0.3088580071926117
    },
    {
      "name": "water_om",
      "value": -0.3474000096321106
    },
    {
      "name": "water_fo",
      "value": 0.011435999535024166
    },
    {
      "name": "wind_om",
      "value": -0.3474000096321106
    },
    {
      "name": "wind_fo",
      "value": 0.011435999535024166
    },
    {
      "name": "erosion_wind",
      "value": 0.1792
    }
  ]
}