{
  "metainfo": {
    "name": "46.77__-117.1048__Annual_NoTill",
    "description": "SCI",
    "state": "Development",
    "service_url": "http://csip.engr.colostate.edu:8083/csip-sq/m/sci/2.1"
  },
  "parameter": [
    {
      "name": "erosion_water",
      "value": 0.8524410128593445
    },
    {
      "name": "water_om",
      "value": 0.020800000056624413
    },
    {
      "name": "water_fo",
      "value": 0.8283420205116272
    },
    {
      "name": "wind_om",
      "value": 0.020800000056624413
    },
    {
      "name": "wind_fo",
      "value": 0.8283420205116272
    },
    {
      "name": "erosion_wind",
      "value": 0.9995
    }
  ]
}