{
  "metainfo": {
    "name": "46.8117__-117.7714__Transition_ReducedTillage",
    "description": "SCI",
    "state": "Development",
    "service_url": "http://csip.engr.colostate.edu:8083/csip-sq/m/sci/2.1"
  },
  "parameter": [
    {
      "name": "erosion_water",
      "value": 0.950314998626709
    },
    {
      "name": "water_om",
      "value": 0.2087000012397766
    },
    {
      "name": "water_fo",
      "value": 0.6498759984970093
    },
    {
      "name": "wind_om",
      "value": 0.2087000012397766
    },
    {
      "name": "wind_fo",
      "value": 0.6498759984970093
    },
    {
      "name": "erosion_wind",
      "value": 0.9985
    }
  ]
}