{
  "metainfo": {
    "name": "47.645__-118.1464__Transition_ReducedTillage",
    "description": "SCI",
    "state": "Development",
    "service_url": "http://csip.engr.colostate.edu:8083/csip-sq/m/sci/2.1"
  },
  "parameter": [
    {
      "name": "erosion_water",
      "value": 0.9985430240631104
    },
    {
      "name": "water_om",
      "value": 1.0084999799728394
    },
    {
      "name": "water_fo",
      "value": 0.6498759984970093
    },
    {
      "name": "wind_om",
      "value": 1.0084999799728394
    },
    {
      "name": "wind_fo",
      "value": 0.6498759984970093
    },
    {
      "name": "erosion_wind",
      "value": 1.0
    }
  ]
}