{
  "metainfo": {
    "name": "46.27__-118.3964__GrainFallow_NoTill",
    "description": "SCI",
    "state": "Development",
    "service_url": "http://csip.engr.colostate.edu:8083/csip-sq/m/sci/2.1"
  },
  "parameter": [
    {
      "name": "erosion_water",
      "value": 0.9525200128555298
    },
    {
      "name": "water_om",
      "value": -0.3725000023841858
    },
    {
      "name": "water_fo",
      "value": 0.8801980018615723
    },
    {
      "name": "wind_om",
      "value": -0.3725000023841858
    },
    {
      "name": "wind_fo",
      "value": 0.8801980018615723
    },
    {
      "name": "erosion_wind",
      "value": 1.0
    }
  ]
}