{
  "metainfo": {
    "name": "46.77__-117.1048__Annual_ReducedTillage_PreventedPlanting_6yr",
    "description": "SCI",
    "state": "Development",
    "service_url": "http://csip.engr.colostate.edu:8083/csip-sq/m/sci/2.1"
  },
  "parameter": [
    {
      "name": "erosion_water",
      "value": 0.5844089984893799
    },
    {
      "name": "water_om",
      "value": 0.39570000767707825
    },
    {
      "name": "water_fo",
      "value": 0.468968003988266
    },
    {
      "name": "wind_om",
      "value": 0.39570000767707825
    },
    {
      "name": "wind_fo",
      "value": 0.468968003988266
    },
    {
      "name": "erosion_wind",
      "value": 0.9347
    }
  ]
}