{
  "metainfo": {
    "name": "47.02__-118.5214__GrainFallow_HeavyTillage",
    "description": "SCI",
    "state": "Development",
    "service_url": "http://csip.engr.colostate.edu:8083/csip-sq/m/sci/2.1"
  },
  "parameter": [
    {
      "name": "erosion_water",
      "value": 0.9991729855537415
    },
    {
      "name": "water_om",
      "value": 0.5902000069618225
    },
    {
      "name": "water_fo",
      "value": 0.011435999535024166
    },
    {
      "name": "wind_om",
      "value": 0.5902000069618225
    },
    {
      "name": "wind_fo",
      "value": 0.011435999535024166
    },
    {
      "name": "erosion_wind",
      "value": -0.9361
    }
  ]
}