{
  "metainfo": {
    "name": "46.2284__-116.2715__Annual_NoTill",
    "description": "SCI",
    "state": "Development",
    "service_url": "http://csip.engr.colostate.edu:8083/csip-sq/m/sci/2.1"
  },
  "parameter": [
    {
      "name": "erosion_water",
      "value": 0.9907870292663574
    },
    {
      "name": "water_om",
      "value": 0.04019999876618385
    },
    {
      "name": "water_fo",
      "value": 0.8283420205116272
    },
    {
      "name": "wind_om",
      "value": 0.04019999876618385
    },
    {
      "name": "wind_fo",
      "value": 0.8283420205116272
    },
    {
      "name": "erosion_wind",
      "value": 1.0
    }
  ]
}