{
  "metainfo": {
    "name": "45.7284__-118.6464__GrainFallow_ReducedTillage",
    "description": "SCI",
    "state": "Development",
    "service_url": "http://csip.engr.colostate.edu:8083/csip-sq/m/sci/2.1"
  },
  "parameter": [
    {
      "name": "erosion_water",
      "value": 0.9559839963912964
    },
    {
      "name": "water_om",
      "value": -0.2842999994754791
    },
    {
      "name": "water_fo",
      "value": 0.3934650123119354
    },
    {
      "name": "wind_om",
      "value": -0.2842999994754791
    },
    {
      "name": "wind_fo",
      "value": 0.3934650123119354
    },
    {
      "name": "erosion_wind",
      "value": 0.997
    }
  ]
}